company_name,business_no,m202411_job_code,m202411_annual_salary,m202411_new_hires,m202411_separations,m202412_job_code,m202412_annual_salary,m202412_new_hires,m202412_separations,m202501_job_code,m202501_annual_salary,m202501_new_hires,m202501_separations,m202502_job_code,m202502_annual_salary,m202502_new_hires,m202502_separations,m202503_job_code,m202503_annual_salary,m202503_new_hires,m202503_separations,m202504_job_code,m202504_annual_salary,m202504_new_hires,m202504_separations,m202505_job_code,m202505_annual_salary,m202505_new_hires,m202505_separations,m202506_job_code,m202506_annual_salary,m202506_new_hires,m202506_separations,m202507_job_code,m202507_annual_salary,m202507_new_hires,m202507_separations,m202508_job_code,m202508_annual_salary,m202508_new_hires,m202508_separations,m202509_job_code,m202509_annual_salary,m202509_new_hires,m202509_separations,m202510_job_code,m202510_annual_salary,m202510_new_hires,m202510_separations
3.3기념사업회,225826,17,3721040,0,0,17,3721040,0,1,17,3720940,1,0,18,3909580,1,0,18,3909580,0,1,17,3648320,0,0,17,3648320,0,1,16,3458700,0,0,18,4061980,2,0,18,4061980,0,1,18,4061980,1,0,18,4061980,0,0
300피트,779870,7,2480540,0,1,6,2104800,0,2,4,1173760,0,2,,,,,,,,,,,,,,,,,,,,,,,,,,,,,,,,,,,,
301랩,675880,,,,,,,,,,,,,,,,,,,,,,,,,,,,,,,,,,,,,,,,,3,741320,1,0,3,741320,0,0
303화덕온천,146850,4,1045880,0,0,4,1045880,0,0,4,1045880,0,0,5,1203380,1,0,5,1203380,0,0,5,1203380,0,1,5,1297880,1,0,5,1297880,0,3,,,,,,,,,,,,,3,647540,2,0
3088문창호,612975,,,,,,,,,,,,,,,,,,,,,,,,,,,,,10,2527040,0,0,10,2543000,0,0,10,2543000,0,0,10,2543000,0,0,10,2543000,0,0
311명천호,612928,,,,,,,,,,,,,,,,,,,,,,,,,,,,,12,3173840,0,0,12,3219560,0,2,11,2836980,1,0,13,3430980,2,0,13,3430980,0,0
3139부대본부근무대,224830,7,1292940,0,0,7,1292940,0,0,7,1292940,0,0,7,1292940,0,1,6,1067220,0,0,6,1067220,0,0,6,1067220,0,0,6,1067220,0,0,6,1167740,0,0,6,1167740,0,0,6,1167740,0,0,6,1167740,0,0
314고등수학,124874,4,931140,0,0,4,931140,0,0,4,931140,0,0,4,931140,0,0,4,931140,0,0,4,931140,0,0,4,931140,0,0,4,931140,0,0,4,877200,0,0,4,877200,0,0,4,877200,0,0,4,877200,0,0
314에듀주식회사,129866,,,,,,,,,,,,,3,227060,1,0,3,227060,0,0,3,227060,0,0,3,227060,0,0,3,227060,0,0,3,226500,0,0,3,226500,0,0,3,226500,0,0,3,226500,0,0
315명천호,519940,,,,,,,,,,,,,,,,,,,,,,,,,,,,,11,2630320,0,0,11,2752940,0,0,11,2752940,0,0,11,2752940,0,1,10,2460900,0,1
316NG텍,826170,,,,,,,,,,,,,,,,,,,,,,,,,,,,,,,,,,,,,,,,,,,,,0,0,3,3
3190부대,127830,18,3435900,0,0,18,3460200,0,1,18,3469920,1,0,18,3469920,0,0,18,3469920,0,0,18,3469920,0,0,18,3469920,0,0,18,3469920,0,0,18,3644260,0,0,18,3644260,0,0,18,3644260,0,0,18,3644260,0,0
3190부대,127830,5,878640,0,0,5,1007780,0,0,5,1007780,0,0,5,1007780,0,0,5,1007780,0,0,5,1007780,0,0,5,1007780,0,0,5,1007780,0,0,5,952740,0,0,5,952740,0,0,5,952740,0,0,5,952740,0,0
327승만호,612932,,,,,,,,,,,,,,,,,,,,,,,,,,,,,12,2502220,0,0,12,2361800,0,2,10,2000560,0,0,12,2405560,2,0,12,2405560,0,0
32마루,502861,5,1479760,0,0,5,1479760,0,0,5,1479760,0,0,5,1479760,0,0,5,1479760,0,0,5,1479760,0,0,5,1479760,0,1,5,1496420,1,1,5,1553920,1,1,4,1319920,0,1,3,1048580,0,0,3,1048580,0,0
32마루수성,502863,4,1379340,0,0,4,1379340,0,1,4,1347840,1,0,4,1347840,0,0,4,1347840,0,0,4,1347840,0,1,3,1145340,0,0,3,1145340,0,0,4,1406060,1,1,4,1406060,1,1,3,1181060,0,0,6,1796660,3,0
330컴퍼니주식회사,545870,,,,,,,,,,,,,,,,,0,0,0,0,,,,,,,,,,,,,,,,,,,,,,,,,,,,
331컴퍼니,571810,10,2496320,2,1,13,3205520,4,1,15,3742820,3,2,16,3934520,3,3,17,4052420,4,1,20,4853420,4,0,20,4853420,0,2,18,4358420,0,2,20,5055100,4,3,18,4518700,1,5,16,3993100,3,3,15,3589900,2,3
334제작소주식회사,372810,,,,,,,,,,,,,3,895500,3,0,3,895500,0,0,3,895500,0,0,3,895500,0,0,3,895500,0,0,3,895500,0,0,3,895500,0,0,3,895500,0,0,3,895500,0,0
335키친광교아브뉴프랑점,618179,,,,,,,,,,,,,,,,,,,,,,,,,,,,,15,2716200,0,1,14,3050960,0,1,16,2925160,3,0,16,2925160,0,4,12,2668660,0,0
345KV신강서S,609816,,,,,,,,,,,,,,,,,,,,,,,,,,,,,,,,,,,,,,,,,,,,,6,1897820,6,0
345렌트카,414860,3,609560,0,0,3,609560,0,0,3,609560,0,0,4,798560,1,0,4,798560,0,1,3,600560,0,1,,,,,,,,,,,,,,,,,,,,,,,,
346커피스토리,393020,,,,,,,,,,,,,,,,,,,,,,,,,,,,,18,4066080,5,3,16,3919660,1,2,14,3383800,0,0,14,3383800,0,2,12,2955040,0,3
360미디어,122860,3,1268460,0,0,3,1268460,0,0,3,1268460,0,0,3,1268460,0,0,3,1268460,0,2,,,,,,,,,,,,,,,,,,,,,,,,,,,,
360퍼스펙티브,185870,22,6720820,2,0,23,6972820,1,1,24,7155260,2,2,25,7593740,3,2,24,7256600,1,1,26,7802540,3,2,24,7356420,0,1,25,7698340,2,2,25,7818640,2,2,25,7865520,2,2,26,8240440,3,4,22,6965600,0,2
360포토솔루션주식회사,791860,3,602260,0,0,3,602260,0,0,3,602260,0,0,3,602260,0,0,3,602260,0,0,3,602260,0,0,3,602260,0,0,3,602260,0,0,5,1042080,2,0,5,1042080,0,0,5,1042080,0,0,5,1042080,0,0
361도VFX,211875,3,939600,0,0,3,862200,0,0,3,862200,0,0,3,862200,0,0,3,862200,0,0,3,862200,0,0,3,862200,0,0,3,862200,0,0,3,516580,0,1,,,,,,,,,,,,
363굿닥터요양원,212828,13,2385000,1,1,13,2407500,1,1,13,2407500,1,1,15,2727000,3,0,17,3069000,2,0,17,3069000,0,2,19,3411000,4,0,20,3582000,1,0,21,3608080,1,2,21,3608080,2,0,23,3950080,2,0,23,3950080,0,2
3651재가복지센터,536800,,,,,,,,,,,,,,,,,,,,,,,,,,,,,10,1239920,0,0,11,1525540,1,0,11,1525540,0,1,10,1334840,0,3,,,,
365MC의원,124522,,,,,,,,,,,,,,,,,,,,,,,,,,,,,13,4163720,0,1,12,4123140,0,0,12,4123140,0,1,11,3925500,0,1,10,3746500,0,0
365간호요양복지센터,284800,5,955160,0,0,5,955160,0,0,6,1033900,1,0,6,1033900,0,0,8,1190320,2,1,7,1121740,0,0,7,1121740,0,0,8,1215340,1,0,8,1174200,0,3,6,1004380,1,0,6,1004380,0,0,7,1089160,1,0
365강서수요양병원,258920,,,,,,,,,,,,,,,,,,,,,,,,,,,,,33,7314540,2,1,32,7144800,0,1,33,7350720,2,0,33,7350720,0,2,31,6938340,0,3
365건강농산농업회사법인주식회사,123870,5,2060880,0,0,5,2060880,0,0,5,2060880,0,0,5,2060880,0,0,5,2060880,0,0,6,2285880,1,0,6,2285880,0,0,6,2285880,0,0,6,2588460,0,0,6,2588460,0,0,6,2588460,0,1,5,2363460,0,0
365건설안전주식회사,650810,10,3075440,0,0,10,3075440,0,1,9,2670440,0,1,8,2347160,0,0,8,2347160,0,0,9,2677540,1,3,6,1778200,0,0,6,1778200,0,0,6,1931800,0,1,6,1966460,1,0,7,2173460,1,0,7,2173460,0,0
365검단한의원,121962,,,,,,,,,,,,,,,,,,,,,,,,,,,,,10,2987580,1,0,10,3046280,0,0,10,3046280,0,0,10,3046280,0,0,10,3046280,0,0
365경대연합내과의원,185950,,,,,,,,,,,,,,,,,,,,,,,,,,,,,32,9982900,1,1,35,10936380,4,4,31,9868360,0,2,29,9298580,0,0,31,9997780,2,1
365경희바른한의원,351950,,,,,,,,,,,,,,,,,,,,,,,,,,,,,16,4662000,0,0,16,4749480,0,0,16,4749480,0,0,16,4749480,0,0,16,4749480,0,2
365경희부부한의원,224988,,,,,,,,,,,,,,,,,,,,,,,,,,,,,13,3060140,0,2,11,2861320,0,0,12,3078400,1,2,10,2563260,0,1,,,,
365경희사계한의원,430410,,,,,,,,,,,,,,,,,,,,,,,,,,,,,16,4476740,0,1,15,5131040,0,1,15,5158040,1,0,16,5284040,1,1,16,5284040,1,2
365경희제일한의원,143220,,,,,,,,,,,,,,,,,,,,,,,,,,,,,,,,,,,,,10,2062240,1,1,10,1975940,1,2,,,,
365경희한의원,139136,,,,,,,,,,,,,,,,,,,,,,,,,,,,,29,7678660,1,4,26,7502260,1,4,27,7592620,5,3,26,7548260,2,1,28,7753900,3,3
365고려본재활의학과의원,822970,,,,,,,,,,,,,,,,,,,,,,,,,,,,,,,,,,,,,,,,,10,3028860,10,0,10,3028860,0,0
365고운노인주간보호센터,240800,,,,,,,,,,,,,,,,,,,,,,,,,,,,,19,3537400,0,0,20,3919620,1,1,20,3919260,1,3,19,3593660,2,0,19,3593660,1,0
365광장속내과의원,739970,,,,,,,,,,,,,,,,,,,,,,,,,,,,,14,3437700,3,0,14,2541740,0,2,14,2518440,2,2,13,2301000,1,1,13,2301000,1,0
365굿닥터의원,508410,,,,,,,,,,,,,,,,,,,,,,,,,,,,,,,,,11,4262620,2,2,10,3982720,1,2,,,,,10,3923760,2,1
365굿모닝한방병원,492920,,,,,,,,,,,,,,,,,,,,,,,,,,,,,26,6797620,7,8,19,5194540,1,10,11,2962020,2,11,,,,,,,,
365굿모닝한의원,301906,,,,,,,,,,,,,,,,,,,,,,,,,,,,,11,2665740,2,0,12,3291940,1,1,12,3291940,1,1,11,3099980,0,0,13,3483900,2,2
365굿이브닝의원,464980,,,,,,,,,,,,,,,,,,,,,,,,,,,,,11,3623560,0,1,11,3496900,1,0,11,3496900,0,0,11,3496900,0,1,11,3475840,1,0
365굿플란트치과의원,816080,,,,,,,,,,,,,,,,,,,,,,,,,,,,,,,,,,,,,,,,,13,3938880,1,0,13,3938880,0,3
365그린가족의원,499900,,,,,,,,,,,,,,,,,,,,,,,,,,,,,10,3387200,0,2,,,,,,,,,,,,,12,3528640,4,0
365꼬막정찬,605208,,,,,,,,,,,,,,,,,,,,,,,,,,,,,15,3416580,0,0,15,3434580,0,3,12,2813580,0,0,13,3038580,1,3,10,2070080,0,0
365나눔복지센터,429800,,,,,,,,,,,,,,,,,,,,,,,,,,,,,11,1809960,1,0,11,1862600,0,0,12,1921180,1,0,12,1921180,0,0,12,1921180,0,0
365노인복지센터,689800,,,,,,,,,,,,,,,,,,,,,,,,,,,,,,,,,,,,,,,,,,,,,10,1139220,2,0
365늘봄메디칼의원,775400,,,,,,,,,,,,,,,,,,,,,,,,,,,,,33,8640200,1,2,33,9649120,2,2,34,9519260,3,6,32,7880720,4,6,28,6888860,2,1
365늘속편한내과,552980,,,,,,,,,,,,,,,,,,,,,,,,,,,,,11,3534280,0,0,11,3650360,0,0,11,3650360,0,2,10,3057720,1,0,10,3057720,0,1
365늘속편한내과,601951,,,,,,,,,,,,,,,,,,,,,,,,,,,,,21,5200640,1,0,21,5454720,0,0,21,5454720,0,0,21,5454720,0,0,21,5454720,0,0
365늘속편한내과,641960,,,,,,,,,,,,,,,,,,,,,,,,,,,,,19,4827400,0,0,19,5185340,0,0,19,5185340,0,1,18,4978340,0,0,18,4978340,0,0
365늘푸른한의원,411918,,,,,,,,,,,,,,,,,,,,,,,,,,,,,20,4681000,1,2,18,4719640,0,0,18,4719640,0,1,17,4506700,0,0,19,4901800,2,2
365다담은한방병원,314985,,,,,,,,,,,,,,,,,,,,,,,,,,,,,40,10772540,2,2,39,11016760,1,3,38,10362820,2,2,38,10339800,2,0,44,11528160,6,7
365다움의원,277330,,,,,,,,,,,,,,,,,,,,,,,,,,,,,36,8337480,1,2,38,9647920,4,2,39,9832420,3,8,31,6700620,0,1,31,6700620,1,4
365다움의원파주운정,196650,,,,,,,,,,,,,,,,,,,,,,,,,,,,,,,,,,,,,,,,,,,,,10,2445300,10,3
365다찬한의원,290980,,,,,,,,,,,,,,,,,,,,,,,,,,,,,14,3188840,1,0,14,3141220,0,2,14,3057080,2,1,15,3173000,2,1,16,3300080,2,2
365단골한의원,557940,,,,,,,,,,,,,,,,,,,,,,,,,,,,,11,3505020,0,0,11,3778000,0,1,11,3811300,1,0,11,3811300,0,0,11,3811300,0,0
365대연더편한마취통증의학과,682970,,,,,,,,,,,,,,,,,,,,,,,,,,,,,17,5334020,1,1,17,5611760,1,1,17,5611760,1,0,20,6398520,3,4,,,,
365더잘봄정형외과의원,358910,,,,,,,,,,,,,,,,,,,,,,,,,,,,,13,3649760,0,0,13,3649760,0,0,13,3649760,0,0,13,3649760,0,0,13,3649760,0,0
365데이한의원,126988,,,,,,,,,,,,,,,,,,,,,,,,,,,,,13,3108000,0,0,13,3153020,0,1,13,3189020,1,0,13,3189020,0,0,13,3189020,0,1
365돌봄센터,863820,5,1664460,0,0,5,1664460,0,0,5,1664460,0,0,5,1664460,0,0,6,1979460,1,0,6,1979460,0,0,7,2276460,1,0,7,2276460,0,0,7,2408200,0,1,6,2126420,0,0,7,2432420,1,0,7,2432420,0,0
365드림의원,512460,,,,,,,,,,,,,,,,,,,,,,,,,,,,,12,2791800,2,2,11,3090180,1,3,,,,,,,,,,,,
365드림의원,563240,,,,,,,,,,,,,,,,,,,,,,,,,,,,,34,8705540,0,1,33,9242900,0,1,37,10062620,5,3,35,9061920,1,2,38,9572220,5,2
365드림지역아동센터,127828,4,834920,0,0,4,834920,0,0,4,834920,0,0,4,834920,0,0,4,834920,0,4,4,762460,4,0,4,762460,0,0,4,762460,0,0,4,744360,0,0,4,744360,0,0,4,744360,0,0,4,744360,0,0
365드림치과병원,640920,,,,,,,,,,,,,,,,,,,,,,,,,,,,,42,10724420,1,3,41,10860460,2,0,43,11381100,2,2,43,11548500,2,1,43,11610780,1,3
365든든한마취통증의학과의원,144904,,,,,,,,,,,,,,,,,,,,,,,,,,,,,21,6976080,2,0,23,7882260,2,2,24,8080800,3,2,23,7454840,1,2,23,7477980,2,2
365든든한의원,869970,,,,,,,,,,,,,,,,,,,,,,,,,,,,,25,7440740,1,0,25,7849900,0,0,27,8666020,2,0,27,8666020,0,3,24,7278400,0,1
365라온누리치과의원,508244,,,,,,,,,,,,,,,,,,,,,,,,,,,,,34,10985900,0,3,32,10853440,1,1,33,10945780,2,1,33,10960000,1,3,30,10110960,0,2
365래온치과병원,515929,,,,,,,,,,,,,,,,,,,,,,,,,,,,,14,4186440,4,1,14,4142700,1,0,16,4603140,2,2,20,5826860,6,2,22,6681860,4,2
365리셋의원,304580,,,,,,,,,,,,,,,,,,,,,,,,,,,,,12,3407820,0,0,12,3542520,0,0,12,3542520,0,0,12,3542520,0,0,12,3542520,0,0
365마디척한의원,509920,,,,,,,,,,,,,,,,,,,,,,,,,,,,,,,,,12,2435860,3,0,12,2435860,0,0,12,2435860,0,0,12,2435860,0,0
365마디팔팔의원,215936,,,,,,,,,,,,,,,,,,,,,,,,,,,,,17,4989840,3,4,20,6100320,7,0,21,6326760,1,1,21,6326760,1,1,21,6326760,1,1
365마미베베한의원,769920,,,,,,,,,,,,,,,,,,,,,,,,,,,,,13,2325920,0,0,13,2477320,0,2,12,2330620,1,0,14,2530600,2,1,15,2582080,2,2
365매일한방병원,411917,,,,,,,,,,,,,,,,,,,,,,,,,,,,,19,5447960,0,0,20,6302360,1,0,20,6302360,0,0,21,6489820,1,0,21,6489820,0,0
365매일한방병원강북수유,672100,,,,,,,,,,,,,,,,,,,,,,,,,,,,,,,,,,,,,32,9154100,32,4,30,8313880,2,2,32,9188040,4,1
365매일한방병원경기광주,581270,,,,,,,,,,,,,,,,,,,,,,,,,,,,,42,12231540,1,0,43,13852460,1,0,43,13852460,0,2,41,13072160,0,0,42,13264120,1,2
365매일한방병원동대문,450500,,,,,,,,,,,,,,,,,,,,,,,,,,,,,42,12683540,4,1,44,13688460,3,7,39,12251100,2,2,40,12502480,3,0,42,13006480,2,2
365매일한방병원분당성남,601344,,,,,,,,,,,,,,,,,,,,,,,,,,,,,34,8736680,0,1,35,10077900,2,1,35,10062880,1,3,34,9470840,2,2,35,10043140,3,1
365매일한방병원안양평촌,169200,,,,,,,,,,,,,,,,,,,,,,,,,,,,,39,11722520,0,3,40,13078660,4,5,36,11760880,1,2,41,12957420,7,0,43,13399860,2,2
365명쾌한의원,207309,,,,,,,,,,,,,,,,,,,,,,,,,,,,,13,3251920,1,0,13,3821420,0,1,13,3825460,1,1,14,3897540,2,1,15,4062500,2,1
365바로치과의원,673280,,,,,,,,,,,,,,,,,,,,,,,,,,,,,13,3345300,1,0,14,4348040,1,3,11,3602320,0,0,14,4569820,3,2,13,4347520,1,0
365바른마음치과의원,795760,,,,,,,,,,,,,,,,,,,,,,,,,,,,,23,5628840,3,1,23,5251120,1,0,25,5738360,2,3,22,5007500,0,0,23,5580800,1,2
365바른약속치과의원진해자은점,560340,,,,,,,,,,,,,,,,,,,,,,,,,,,,,38,10147860,1,0,39,11185720,1,2,42,11887540,5,1,42,11848020,1,1,43,12058780,2,0
365바른치과의원,575140,,,,,,,,,,,,,,,,,,,,,,,,,,,,,102,28352440,8,4,99,29584360,1,1,100,29718260,2,1,112,33138660,13,1,116,33645160,5,7
365바른치과의원창원대방점,197770,,,,,,,,,,,,,,,,,,,,,,,,,,,,,37,10878600,2,1,37,10817520,1,2,35,10372480,0,1,36,10721220,2,1,36,10376160,1,0
365바른플란트치과의원,324470,,,,,,,,,,,,,,,,,,,,,,,,,,,,,,,,,,,,,,,,,11,3023820,11,0,11,3023820,0,4
365반반한의원,648910,,,,,,,,,,,,,,,,,,,,,,,,,,,,,,,,,,,,,10,2525800,1,0,10,2525800,0,0,10,2525800,0,0
365밝은안과,119213,,,,,,,,,,,,,,,,,,,,,,,,,,,,,37,10595880,4,3,35,10215860,1,5,36,10052240,6,3,34,9543560,1,1,34,9543560,1,1
365백세드림정형외과의원,353950,,,,,,,,,,,,,,,,,,,,,,,,,,,,,13,4283300,1,0,14,4551940,1,0,14,4551940,0,1,14,4216780,1,0,16,4926880,2,2
365백세부부한의원,450920,,,,,,,,,,,,,,,,,,,,,,,,,,,,,18,4934340,2,2,18,5103740,2,2,18,5107160,2,1,18,5107160,1,0,18,5107160,0,0
365베스트치과의원,741900,,,,,,,,,,,,,,,,,,,,,,,,,,,,,33,9735460,3,1,37,12451820,5,1,38,12813080,2,1,40,13393120,3,2,42,13279980,4,2
365병원,608916,,,,,,,,,,,,,,,,,,,,,,,,,,,,,130,38285100,4,2,129,40450780,1,2,127,39620980,0,2,126,39299680,1,5,122,37982760,1,1
365봄연합의원,384930,,,,,,,,,,,,,,,,,,,,,,,,,,,,,15,4470300,0,0,15,4968320,0,0,15,4968320,0,0,15,4968320,0,0,15,4968320,0,0
365봄치과의원,528910,,,,,,,,,,,,,,,,,,,,,,,,,,,,,20,5759220,0,1,21,6366420,2,1,21,6411240,1,0,21,6411240,0,1,21,6416820,1,3
365봄한의원,366960,,,,,,,,,,,,,,,,,,,,,,,,,,,,,16,3902800,0,1,15,3815840,0,0,16,4000340,1,1,16,4044800,1,0,16,4044800,0,0
365봉담약국,132268,,,,,,,,,,,,,,,,,,,,,,,,,,,,,13,4566820,0,0,13,4962460,0,0,15,5428020,2,0,15,5428020,0,0,15,5428020,0,0
365삼성i소아청소년과의원,660940,,,,,,,,,,,,,,,,,,,,,,,,,,,,,14,3438940,0,0,14,3690320,0,0,14,3690320,0,0,14,3690320,0,1,13,3544340,0,1
365삼성의원,656900,,,,,,,,,,,,,,,,,,,,,,,,,,,,,14,4785560,6,2,12,4532820,0,2,11,4348320,1,2,10,3775020,1,1,11,4056980,2,2
365삼성튼튼정형외과의원,314940,,,,,,,,,,,,,,,,,,,,,,,,,,,,,,,,,14,5072180,14,2,21,7020180,9,3,25,8314080,7,2,29,9318480,6,4
365상쾌한속연합내과의원,873980,,,,,,,,,,,,,,,,,,,,,,,,,,,,,11,3090620,0,1,11,3296660,1,0,11,3296660,0,1,11,3303220,1,2,11,3344520,2,0
365새로나치과의원,384140,,,,,,,,,,,,,,,,,,,,,,,,,,,,,15,4141700,1,0,15,4167360,0,2,14,3896460,1,1,15,4403160,2,0,16,4750020,1,0
365샵주식회사,466810,5,1166300,0,0,5,1166300,0,0,5,1166300,0,0,5,1166300,0,0,5,1170520,0,0,5,1170520,0,0,5,1170520,0,0,5,1170520,0,0,5,1288240,0,0,5,1288240,0,0,6,1486240,1,0,6,1486240,0,0
365서울베스트정형외과의원,695940,,,,,,,,,,,,,,,,,,,,,,,,,,,,,14,5308080,4,1,20,7031120,7,0,22,7547180,2,1,24,8067640,3,1,26,8678920,3,0
365서울수치과의원,538910,,,,,,,,,,,,,,,,,,,,,,,,,,,,,,,,,11,3463880,11,4,,,,,,,,,,,,
365서울앞선치과의원,842970,,,,,,,,,,,,,,,,,,,,,,,,,,,,,17,5506920,1,1,17,5881600,1,1,18,6068800,2,2,17,5736880,1,0,18,6220180,1,0
365서울원탑치과의원,140990,,,,,,,,,,,,,,,,,,,,,,,,,,,,,61,17542640,3,2,63,18947420,4,6,58,17080660,1,6,56,17036500,4,5,53,16248020,2,1
365서울차오름치과의원,701490,,,,,,,,,,,,,,,,,,,,,,,,,,,,,19,5604980,2,0,20,6613520,1,6,15,4840440,1,3,14,4929180,2,2,17,5511460,5,6
365서울치과의원,449310,,,,,,,,,,,,,,,,,,,,,,,,,,,,,,,,,10,3178960,2,0,10,3178960,0,0,10,3178960,0,0,10,3178960,0,0
365서울탑플란트치과의원,674040,,,,,,,,,,,,,,,,,,,,,,,,,,,,,25,6710900,2,2,25,6708840,2,0,26,6956340,1,0,27,7168280,1,1,28,7377980,2,1
365성심플란트치과의원,484010,,,,,,,,,,,,,,,,,,,,,,,,,,,,,18,4907620,1,2,20,5978460,4,2,18,5513180,0,1,19,5711080,2,1,18,5488880,0,0
365송도경희한의원,390220,,,,,,,,,,,,,,,,,,,,,,,,,,,,,21,6168880,2,0,23,6809300,2,0,23,6809300,0,1,24,7053740,2,2,23,6779700,1,0
365수원튼튼의원,124953,,,,,,,,,,,,,,,,,,,,,,,,,,,,,13,3788620,13,5,18,5433240,10,1,18,5530700,1,2,19,5375260,3,0,22,6411240,3,2
365식자재마트,248860,8,1403140,0,0,8,1403140,0,0,8,1403140,0,0,8,1403140,0,0,8,1403140,0,1,8,1403140,1,1,8,1451380,1,0,9,1640380,1,1,8,1460320,0,0,8,1460320,0,2,6,1088080,0,0,7,1268080,1,0
365아산원탑마취통증의학과재활의학과의원,463970,,,,,,,,,,,,,,,,,,,,,,,,,,,,,25,8418660,2,1,25,9725780,1,0,26,9991640,1,3,25,9621660,2,1,28,10835940,4,1
365아홉가지약속치과병원,223114,,,,,,,,,,,,,,,,,,,,,,,,,,,,,43,13273520,1,2,44,14351920,3,1,48,15614620,5,2,47,15381260,1,1,46,15084260,0,4
365아홉가지약속치과의원,299080,,,,,,,,,,,,,,,,,,,,,,,,,,,,,51,14644420,3,2,51,15438240,2,3,49,15099400,1,4,52,15758760,7,2,52,15683620,2,5
365안락한치과,767570,,,,,,,,,,,,,,,,,,,,,,,,,,,,,27,8447200,2,1,26,8700320,0,0,26,8700320,0,0,27,8863660,1,0,27,8863660,0,0
365어르신사랑복지센터,138804,,,,,,,,,,,,,,,,,,,,,,,,,,,,,17,2630220,0,1,18,3013600,2,1,18,2967340,1,1,18,2907940,1,1,17,2826320,0,1
365어울림한의원,251910,,,,,,,,,,,,,,,,,,,,,,,,,,,,,10,2894080,0,0,10,2971360,0,0,10,2971360,0,0,10,2971360,0,0,10,2971360,0,0
365엄지한방병원,456950,,,,,,,,,,,,,,,,,,,,,,,,,,,,,37,11175360,0,2,38,12092880,3,2,40,12811960,4,2,44,13788820,6,4,42,13272860,2,3
365에스와이서울연세이비인후과의원,171020,,,,,,,,,,,,,,,,,,,,,,,,,,,,,10,2853060,0,2,,,,,,,,,,,,,,,,
365엔씨치과,203302,,,,,,,,,,,,,,,,,,,,,,,,,,,,,,,,,,,,,,,,,,,,,25,7920080,25,4
365엠씨람스에스씨의원,209244,,,,,,,,,,,,,,,,,,,,,,,,,,,,,10,3171480,0,1,,,,,,,,,,,,,,,,
365엠씨람스의원,391250,,,,,,,,,,,,,,,,,,,,,,,,,,,,,16,6544880,0,0,16,6248140,0,0,16,6248140,0,0,16,6248140,0,0,16,6248140,0,0
365엠씨병원,605268,,,,,,,,,,,,,,,,,,,,,,,,,,,,,57,18305640,0,0,60,20181640,3,0,60,20181640,0,2,58,19834340,0,0,59,19718680,1,2
365엠씨의원,104130,,,,,,,,,,,,,,,,,,,,,,,,,,,,,,,,,10,3594380,1,0,10,3594380,0,0,10,3594380,0,0,10,3594380,0,0
365엠씨의원,189030,,,,,,,,,,,,,,,,,,,,,,,,,,,,,,,,,10,3928200,1,1,,,,,,,,,,,,
365엠씨의원,365120,,,,,,,,,,,,,,,,,,,,,,,,,,,,,,,,,,,,,10,3693680,1,2,,,,,,,,
365엠씨의원,158120,,,,,,,,,,,,,,,,,,,,,,,,,,,,,21,7500400,1,1,20,7240880,0,0,21,7555880,1,1,20,7240880,0,0,21,7481180,1,1
365엠씨의원,828090,,,,,,,,,,,,,,,,,,,,,,,,,,,,,11,3914720,1,1,12,4242940,2,0,13,4467940,1,1,13,4431940,1,2,13,4440940,2,1
365엠씨의원,217117,,,,,,,,,,,,,,,,,,,,,,,,,,,,,13,4789780,0,0,14,5089280,1,1,13,4776000,0,0,13,4776000,0,0,13,4776000,0,1
365엠씨의원천안,798590,,,,,,,,,,,,,,,,,,,,,,,,,,,,,10,3025960,0,0,10,3054940,0,1,,,,,,,,,,,,
365엠아이치과의원,867050,,,,,,,,,,,,,,,,,,,,,,,,,,,,,51,14677300,1,4,48,13662940,1,1,52,15354380,5,3,50,14181500,1,0,51,14754800,1,3
365역촌으뜸본재활의학과의원,358900,,,,,,,,,,,,,,,,,,,,,,,,,,,,,13,3940940,1,0,14,4178620,1,0,15,4751920,1,1,15,4751920,1,1,15,4718700,1,0
365연합의원,125258,,,,,,,,,,,,,,,,,,,,,,,,,,,,,12,3757920,0,0,12,3747740,0,0,12,3747740,0,0,12,3747740,0,0,12,3744680,0,0
365연합의원,482140,,,,,,,,,,,,,,,,,,,,,,,,,,,,,22,6377280,0,0,23,6829280,1,0,24,7128800,1,0,24,7128800,0,1,25,7169760,2,1
365열린내과의원,217909,,,,,,,,,,,,,,,,,,,,,,,,,,,,,23,5145140,2,0,23,5364520,0,0,23,5364520,0,2,22,4804280,1,0,23,4898500,1,1
365열린메디칼의원,387280,,,,,,,,,,,,,,,,,,,,,,,,,,,,,86,23647100,2,0,87,27479540,1,1,88,27588260,2,4,85,26723620,1,0,88,27600120,3,2
365열린의원,124920,,,,,,,,,,,,,,,,,,,,,,,,,,,,,10,2937720,0,0,10,2834940,0,0,10,2834940,0,0,10,2834940,0,1,,,,
365열린치과의원,501255,,,,,,,,,,,,,,,,,,,,,,,,,,,,,15,4368540,0,1,15,4333240,1,0,17,4910040,2,1,17,4835620,1,1,16,4647700,0,1
365열린큰약국,407102,,,,,,,,,,,,,,,,,,,,,,,,,,,,,10,3014800,1,3,,,,,,,,,,,,,,,,
365열린한의원,534940,,,,,,,,,,,,,,,,,,,,,,,,,,,,,12,3098040,0,0,12,3152040,0,2,11,2998320,1,0,12,3152040,1,0,12,3152040,0,0
365영농조합법인,403815,,,,,,,,,8,1500480,6,2,6,1122480,0,0,6,1122480,0,0,6,1122480,0,0,6,1122480,0,0,6,1122480,0,2,4,647360,0,2,,,,,,,,,3,555020,2,0
365오케이치과의원,319940,,,,,,,,,,,,,,,,,,,,,,,,,,,,,13,4619220,0,0,14,4850540,1,1,14,4837120,1,1,13,4488100,0,0,13,4488100,0,0
365오피스,325870,8,1669380,2,2,7,1446820,1,1,6,1242620,0,0,6,1242620,0,0,6,1242620,0,0,6,1242620,0,1,5,1048940,0,0,5,1048940,0,0,5,1111020,0,0,5,1111020,0,0,5,1111020,0,0,5,1111020,0,1
365온가족치과,188340,,,,,,,,,,,,,,,,,,,,,,,,,,,,,20,6686960,2,2,18,6391100,0,0,19,6592700,1,0,19,6592700,0,0,19,6592700,0,0
365온누리약국,649190,,,,,,,,,,,,,,,,,,,,,,,,,,,,,10,2756760,1,1,10,2865320,1,0,10,2865320,0,0,10,2865320,0,1,10,2959820,1,2
365온메디의원,843160,,,,,,,,,,,,,,,,,,,,,,,,,,,,,17,5392920,1,3,18,5238840,4,2,17,5001780,1,3,18,5217060,4,3,18,5216960,3,3
365올케어치과의원,822450,,,,,,,,,,,,,,,,,,,,,,,,,,,,,12,3127360,2,0,13,3940860,1,0,13,3940860,0,0,15,4128400,2,0,15,4128400,0,1
365용인바른의원,844900,,,,,,,,,,,,,,,,,,,,,,,,,,,,,12,3495200,0,0,14,3720480,2,3,11,2653080,0,1,10,2079780,0,0,11,2257440,1,0
365우리들치과병원,819050,,,,,,,,,,,,,,,,,,,,,,,,,,,,,46,13488280,2,1,48,14069540,3,3,50,14629340,5,2,52,15205260,4,2,50,14483460,0,0
365우리신경외과의원,366940,,,,,,,,,,,,,,,,,,,,,,,,,,,,,12,3541200,0,0,13,4067060,1,0,13,4067060,0,0,13,4067060,0,1,13,4066160,1,3
365우리약국,604097,,,,,,,,,,,,,,,,,,,,,,,,,,,,,10,4301260,0,0,10,4432040,0,0,11,4706540,1,1,10,4443380,0,1,,,,
365웰니스의원,312919,,,,,,,,,,,,,,,,,,,,,,,,,,,,,11,4157960,0,0,12,4494740,1,0,12,4494740,0,1,11,4126380,0,0,12,4324380,1,1
365웰재활의학과의원,287970,,,,,,,,,,,,,,,,,,,,,,,,,,,,,13,3680100,0,0,13,3690460,0,1,14,3863980,2,0,14,3863980,0,0,15,4096620,1,0
365웰정형외과의원,866060,,,,,,,,,,,,,,,,,,,,,,,,,,,,,11,2808040,2,0,11,2808040,0,1,12,3062820,2,0,12,3062820,0,1,11,2855820,0,0
365웰정형외과재활의학과의원,247150,,,,,,,,,,,,,,,,,,,,,,,,,,,,,27,8003240,0,0,30,9325120,3,0,30,9325120,0,1,32,9826680,3,3,29,9233160,0,1
365위례연세내과의원,592990,,,,,,,,,,,,,,,,,,,,,,,,,,,,,18,5344420,0,1,17,5220760,0,0,19,5652760,2,1,19,5670760,1,2,17,5226980,0,0
365유한의원,153930,,,,,,,,,,,,,,,,,,,,,,,,,,,,,13,3246200,0,0,13,3358220,0,0,13,3341120,0,0,14,3539120,1,4,10,2739740,0,0
365이강치과,335960,,,,,,,,,,,,,,,,,,,,,,,,,,,,,14,4147760,1,0,14,4296620,0,0,14,4296620,0,0,14,4296620,0,1,15,4509380,2,1
365이앤씨,311812,4,825920,0,0,4,825920,0,0,4,825920,0,0,4,825920,0,0,4,825920,0,0,4,825920,0,0,4,825920,0,0,4,825920,0,0,4,1127220,0,0,4,1127220,0,0,4,1127220,0,0,4,1127220,0,0
365일연세어린이집,128801,,,,,,,,,,,,,,,,,,,,,,,,,,,,,,,,,,,,,,,,,10,1619040,2,1,,,,
365일열린의원,174590,,,,,,,,,,,,,,,,,,,,,,,,,,,,,,,,,,,,,,,,,,,,,10,2983460,7,0
365일유보라어린이집,288800,,,,,,,,,,,,,,,,,,,,,,,,,,,,,11,2042900,0,0,11,2087880,0,0,12,2289200,1,0,12,2289200,0,0,12,2289200,0,0
365일즐거운주야간보호센터,232800,,,,,,,,,,,,,,,,,,,,,,,,,,,,,13,2744600,1,1,12,2689160,0,1,11,2497380,0,1,12,2574340,2,0,12,2574340,0,1
365자연안에한의원양산점,128944,,,,,,,,,,,,,,,,,,,,,,,,,,,,,,,,,10,2557980,1,0,10,2557980,0,0,11,2752920,1,1,10,2557980,0,0
365잘봄내과의원,116960,,,,,,,,,,,,,,,,,,,,,,,,,,,,,15,4072080,3,1,14,4014020,0,1,15,4372300,2,0,16,4502260,1,2,15,4424500,1,1
365장곡편한내과의원,323980,,,,,,,,,,,,,,,,,,,,,,,,,,,,,16,4154040,1,0,16,4196800,0,1,16,4202380,1,1,17,4274380,2,1,18,4798360,2,1
365재가복지센터,752800,,,,,,,,,,,,,,,,,,,,,,,,,,,,,,,,,,,,,10,1335020,2,0,11,1403600,1,1,11,1560020,1,2
365재활재가노인복지센터,119801,16,3208420,0,2,14,2801540,0,1,14,2792640,1,0,14,2792640,0,1,13,2605720,0,0,13,2605720,0,0,13,2605720,0,0,13,2605720,0,0,13,2748480,0,0,13,2748480,0,0,13,2748480,0,0,13,2748480,0,1
365제이에스JS연합의원,195360,,,,,,,,,,,,,,,,,,,,,,,,,,,,,,,,,,,,,11,3632640,3,0,11,3632640,0,2,10,2975100,1,2
365제주의원,616933,,,,,,,,,,,,,,,,,,,,,,,,,,,,,14,3802340,0,0,14,3791280,0,1,13,3504640,0,0,13,3504640,0,0,13,3504640,0,0
365종합의원,363170,,,,,,,,,,,,,,,,,,,,,,,,,,,,,11,3242800,0,1,11,3232300,1,0,11,3232300,0,3,,,,,,,,
365차차한의원,516910,,,,,,,,,,,,,,,,,,,,,,,,,,,,,13,3348040,1,0,13,3611940,0,4,14,3728120,5,3,12,3329620,1,2,11,3157720,1,0
365차한의원,672930,,,,,,,,,,,,,,,,,,,,,,,,,,,,,21,6255460,0,0,21,6506820,0,0,21,6506820,0,0,21,6506820,0,0,21,6506820,0,1
365창원다나은마취통증의학과의원,616995,,,,,,,,,,,,,,,,,,,,,,,,,,,,,33,9245380,0,0,33,10282040,0,2,,,,,,,,,,,,
365채움한의원,738120,,,,,,,,,,,,,,,,,,,,,,,,,,,,,10,2780240,0,0,11,3101840,1,0,11,3101840,0,1,13,3694120,3,1,13,3694120,1,0
365청솔약국,199130,,,,,,,,,,,,,,,,,,,,,,,,,,,,,14,5137360,4,2,13,5002000,1,0,14,5231400,1,0,14,5231400,0,2,12,4393320,0,1
365키즈소아청소년과의원,138913,,,,,,,,,,,,,,,,,,,,,,,,,,,,,15,4905620,0,1,14,4571060,0,1,14,4571060,1,0,14,4571060,0,0,15,4688060,1,2
365탁정형외과의원,151990,,,,,,,,,,,,,,,,,,,,,,,,,,,,,21,6292540,1,0,22,7100000,1,1,21,6887700,0,3,19,6276060,1,4,16,5169360,1,0
365텐텐이비인후과,364910,,,,,,,,,,,,,,,,,,,,,,,,,,,,,16,4664460,0,1,16,5192460,1,0,16,5192460,0,5,12,3641240,1,0,12,3641240,0,0
365팔팔한의원,841010,,,,,,,,,,,,,,,,,,,,,,,,,,,,,12,3156600,0,0,12,3269040,0,0,13,3842340,1,0,13,3842340,0,0,13,3842340,0,0
365편안한방문요양재가센터,489800,3,212400,0,1,,,,,,,,,,,,,,,,,,,,,0,0,0,0,,,,,,,,,,,,,,,,,,,,
365편안한치과의원,848940,,,,,,,,,,,,,,,,,,,,,,,,,,,,,14,4448080,3,2,12,4136340,0,0,13,4391120,1,0,14,4623760,1,0,14,4623760,0,0
365포천시카고치과의원,838240,,,,,,,,,,,,,,,,,,,,,,,,,,,,,14,3944100,0,2,15,4360880,3,2,14,4156400,1,1,14,4141000,1,0,15,4384540,1,0
365플러스내과의원,511955,,,,,,,,,,,,,,,,,,,,,,,,,,,,,63,18103000,0,1,62,18946700,0,2,60,18044360,0,1,60,18407780,1,2,61,18399580,3,1
365플러스치과의원,343450,,,,,,,,,,,,,,,,,,,,,,,,,,,,,12,3659740,0,1,11,3599700,0,1,11,3608700,1,1,10,3477300,0,0,10,3477300,0,0
365하늘애한의원강동본점,340950,,,,,,,,,,,,,,,,,,,,,,,,,,,,,10,2714180,0,1,10,2769080,1,0,10,2769080,0,0,10,2769080,0,0,10,2769080,0,1
365하하병원,501918,,,,,,,,,,,,,,,,,,,,,,,,,,,,,58,16810200,2,6,60,17765960,8,2,63,18474160,5,61,,,,,,,,
365한결치과,846760,,,,,,,,,,,,,,,,,,,,,,,,,,,,,15,4429720,0,1,17,5198960,3,2,15,4797380,0,0,15,4797380,0,3,15,4890000,3,0
365한의원,111909,,,,,,,,,,,,,,,,,,,,,,,,,,,,,11,3584600,0,0,11,3668280,0,1,11,3671080,1,0,11,3671080,0,0,11,3671080,0,0
365할인마트,132818,18,4465300,0,0,18,4465300,0,1,18,4637820,1,2,16,4098180,0,0,16,4098180,0,1,15,3744760,0,1,14,3528760,0,0,16,3848260,2,0,17,4128420,1,1,16,3833680,0,1,15,3608680,0,0,15,3608680,0,0
365할인마트1호점,609239,,,,,,,,,,,,,,,,,,,,,,,,,,,,,12,1953760,1,0,13,2071120,1,1,12,1904620,0,1,11,1741280,0,0,11,1741280,0,0
365할인마트대방점,659510,,,,,,,,,,,,,,,,,,,,,,,,,,,,,13,2066400,1,2,11,1828840,0,0,11,1828840,0,0,12,1963840,1,0,12,1963840,0,0
365할인식자재마트,873860,,,,,,,,,,,,,,,,,,,,,,,,,3,873000,1,0,4,1080000,1,0,4,1069020,0,0,4,1069020,0,0,4,1069020,0,0,,,,
365할인식자재마트,873860,,,,,,,,,,,,,,,,,,,,,,,,,,,,,,,,,,,,,,,,,,,,,4,1069020,0,0
365행복노인복지센터,864800,,,,,,,,,,,,,,,,,,,,,3,492380,1,0,3,492380,0,0,3,492380,0,0,3,503080,0,0,3,503080,0,0,3,503080,0,0,3,503080,0,0
365행복한노인주야간보호센터,636800,,,,,,,,,,,,,,,,,,,,,,,,,,,,,16,3368880,0,2,16,3489600,2,1,16,3460800,1,2,14,3082800,0,0,15,3271800,1,0
365향남플란트치과의원,601216,,,,,,,,,,,,,,,,,,,,,,,,,,,,,31,9810340,2,1,31,10145980,1,2,30,9912000,1,1,29,9381720,0,0,29,9381720,0,3
365홈케어,815820,5,560960,0,0,6,628460,1,0,6,628460,0,0,6,628460,0,1,6,647360,1,0,6,647360,0,0,7,729260,1,0,7,729260,0,0,7,719180,0,0,8,801980,1,2,6,594000,0,0,6,594000,0,0
365효플란트치과의원,844060,,,,,,,,,,,,,,,,,,,,,,,,,,,,,12,3591680,0,0,13,4406060,1,0,13,4406060,0,0,13,4406060,0,0,13,4406060,0,0
365후레쉬마트,389140,,,,,,,,,,,,,,,,,,,,,,,,,,,,,,,,,,,,,10,2891400,2,1,,,,,10,2704660,2,1
365힐링의원,135923,,,,,,,,,,,,,,,,,,,,,,,,,,,,,30,12165920,0,1,29,11063260,0,0,29,11063260,0,0,29,11063260,0,0,31,11528540,2,0
365힘찬한의원,476950,,,,,,,,,,,,,,,,,,,,,,,,,,,,,17,3761740,2,1,17,3740540,1,1,18,3880300,2,2,19,4136260,3,1,19,4112860,1,2
36리터스주식회사,210880,3,155760,0,0,3,155760,0,0,3,155760,0,0,3,155760,0,0,3,155760,0,0,3,155760,0,0,3,155760,0,0,3,155760,0,1,,,,,,,,,,,,,,,,
37부경호,612992,,,,,,,,,,,,,,,,,,,,,,,,,,,,,,,,,,,,,,,,,10,2985340,1,0,10,2985340,0,0
38마일,607425,,,,,,,,,,,,,,,,,,,,,,,,,,,,,14,3619360,3,1,14,3628460,1,0,14,3628460,0,0,14,3628460,0,0,14,3628460,0,0
396커피,508077,,,,,,,,,,,,,,,,,,,,,,,,,,,,,20,3689840,2,2,18,3692100,0,0,18,3692100,0,0,19,3881100,1,0,19,3881100,0,0
39푸드,553820,3,406620,0,0,4,542160,1,4,,,,,4,563360,4,0,5,704200,1,0,6,845040,1,0,6,845040,0,0,6,845040,0,1,5,704200,0,0,5,704200,0,0,5,704200,0,0,6,845040,1,0
3A,134814,14,3553500,0,0,17,4159380,3,0,17,4159380,0,1,16,3914580,0,2,15,3732420,1,1,16,3646920,2,0,16,3646920,0,0,17,3832320,1,0,18,4542620,1,0,18,4542620,0,0,18,4542620,0,1,17,4302320,0,0
3D로직스,105873,8,2011100,1,0,8,2011100,0,0,8,2011100,0,1,7,1728240,0,0,7,1728240,0,0,7,1728240,0,0,7,1728240,0,0,7,1728240,0,0,8,2377640,1,0,8,2377640,0,0,8,2377640,0,2,6,1793560,0,0
3D프린팅학원,398850,3,328300,0,0,3,328300,0,0,3,328300,0,0,3,328300,0,0,3,328300,0,0,3,328300,0,0,3,328300,0,0,3,227060,0,0,4,524860,1,0,4,524860,0,0,4,524860,0,0,4,524860,0,0
3M카케어센터,214123,,,,,,,,,,,,,,,,,,,,,,,,,,,,,14,4124660,0,0,14,3780520,0,0,14,3780520,0,1,13,3576040,0,0,13,3576040,0,1
3Z메탈주식회사（쓰리젯메탈）,137860,22,8094920,0,0,23,8454920,1,1,22,8316240,0,0,23,8586240,1,0,23,8586240,0,0,25,9323160,2,1,24,8767860,0,0,26,9285440,2,2,25,8878680,1,2,23,8203860,0,0,26,9121860,3,0,26,9121860,0,0
3대가협동조합,707870,11,2094700,1,0,11,2094700,0,1,10,1901660,0,0,11,2090300,1,0,11,2090300,0,0,11,2090300,0,0,11,2090300,0,0,11,2090300,0,0,11,2281440,0,0,11,2281440,0,0,11,2281440,0,0,11,2281440,0,0
3수도,402817,6,1591800,0,0,6,1591800,0,1,6,1584340,1,0,7,1836340,1,1,6,1629340,0,0,6,1629340,0,0,6,1629340,0,0,6,1629340,0,0,6,1627280,0,0,6,1627280,0,0,6,1627280,0,0,6,1627280,0,0
3에스엠건물관리주식회사,189880,5,942740,1,0,5,942740,0,0,5,942740,0,0,5,942740,0,0,5,942740,0,1,4,726740,0,1,3,567000,0,0,3,567000,0,0,3,588860,0,0,3,588860,0,0,3,588860,0,0,3,588860,0,1
3에이치시스템,312860,,,,,,,,,,,,,,,,,,,,,,,,,3,920860,1,0,3,982960,0,0,3,995840,0,0,3,995840,0,0,4,1283840,1,0,4,1283840,0,0
3엠프론티어,177870,5,1634100,0,0,5,1634100,0,0,5,1634100,0,0,5,1634100,0,0,5,1634100,0,1,6,1845240,2,0,6,1845240,0,0,6,1845240,0,1,5,1886560,0,0,7,2233320,2,3,4,1121920,0,0,5,1313880,1,0
3옥타브장인학원주식회사,629870,13,3189060,1,0,13,3189060,0,4,9,2447140,0,0,9,2447140,0,0,9,2447140,0,0,9,2447140,0,0,9,2447140,0,1,9,2451540,1,0,9,2866800,0,0,9,2866800,0,0,9,2866800,0,0,9,2866800,0,0
3일애,261810,10,2445720,0,0,11,2621220,1,0,11,2621220,0,0,11,2621220,0,0,11,2621220,0,0,12,2865660,1,0,12,2865660,0,0,12,2865660,0,0,12,3182000,0,0,12,3182000,0,0,12,3182000,0,0,13,3524000,1,0
3차가든하이츠,205828,,,,,3,727900,1,1,,,,,,,,,,,,,,,,,,,,,,,,,,,,,,,,,,,,,,,,
3차그랜맨션입주자대표회의,106826,6,1707540,1,0,6,1707540,0,0,6,1707540,0,0,6,1707540,0,0,6,1707540,0,0,6,1707540,0,0,6,1707540,0,0,6,1707540,0,0,6,1694500,0,0,6,1694500,0,0,7,2014000,1,0,7,2014000,0,0
3,485820,9,1813620,0,1,8,1596640,0,1,9,1781940,2,0,9,1781940,0,3,8,1687820,2,0,9,1786820,1,0,9,1786820,0,0,9,1786820,0,1,8,1846140,0,0,8,1846140,0,1,8,1879160,1,1,8,1859820,1,0
3,744800,,,,,,,,,,,,,,,,,,,,,,,,,,,,,10,2179500,0,1,,,,,,,,,,,,,10,2264460,2,0
3,107801,31,8210120,0,0,31,8210120,0,2,30,7791800,1,0,30,7791800,0,3,30,7835260,3,0,31,7983760,1,0,31,7983760,0,1,30,7727180,0,0,31,8223760,1,0,31,8223760,0,0,31,8223760,0,0,32,8483320,1,0
365,852970,,,,,,,,,,,,,,,,,,,,,,,,,,,,,12,3210000,0,0,12,3247700,0,1,11,2953860,0,0,11,2953860,0,0,11,2953860,0,0
365,609217,,,,,,,,,,,,,,,,,,,,,,,,,,,,,10,2621660,0,1,10,2624620,1,2,10,2633620,2,1,10,2617340,1,0,10,2617340,0,0
3,802850,10,4060220,0,1,9,3739560,0,1,9,3675400,1,1,8,3319900,0,0,9,3697620,1,0,9,3697620,0,0,9,3697620,0,1,8,3472620,0,0,8,3593360,0,0,8,3593360,0,0,8,3593360,0,0,8,3593360,0,1
3,542820,3,532240,0,0,3,532240,0,1,3,520280,1,0,4,740320,1,1,3,603340,0,0,3,603340,0,0,3,603340,0,0,3,603340,0,0,3,603340,0,0,3,603340,0,0,3,603340,0,0,3,603340,0,0
3,812850,84,34434020,8,2,84,34120280,2,1,84,34120280,1,0,84,34120280,0,1,85,34151960,2,2,83,33701960,0,2,89,35051960,8,1,89,35051960,1,0,89,40112240,0,1,88,39887240,0,2,86,39170120,0,1,85,38945120,0,0
365,162910,,,,,,,,,,,,,,,,,,,,,,,,,,,,,13,4059760,0,2,15,5450860,4,2,15,5486860,2,1,14,5288860,0,0,14,5288860,0,0
360,125856,,,,,,,,,,,,,,,,,,,,,,,,,,,,,,,,,,,,,,,,,3,876660,1,0,3,876660,0,0
3,117810,,,,,,,,,,,,,,,,,,,,,,,,,,,,,,,,,,,,,4,1163860,0,0,4,1163860,0,0,4,1163860,0,0
3,117810,,,,,,,,,,,,,,,,,,,,,,,,,,,,,,,,,,,,,3,948780,0,0,3,948780,0,0,3,948780,0,0
3,117810,7,1898420,1,0,7,1898420,0,0,7,1898420,0,0,7,1898420,0,0,7,1898420,0,0,7,1898420,0,0,6,1636080,0,0,6,1636080,0,0,6,1639420,0,0,6,1639420,0,1,6,1632940,1,0,6,1632940,0,0
3,402812,3,285360,1,0,3,285360,0,0,3,285360,0,0,3,285360,0,0,3,285360,0,0,3,285360,0,0,3,285360,0,0,3,285360,0,0,3,283560,0,0,3,283560,0,0,3,283560,0,0,3,283560,0,0
3,402812,6,1494140,0,0,6,1494140,0,0,6,1494140,0,0,6,1494140,0,0,6,1494140,0,0,6,1494140,0,0,6,1494140,0,0,6,1494140,0,1,5,1295980,0,0,5,1295980,0,0,6,1628080,1,2,5,1298580,1,1
3,402812,6,1351300,0,1,5,1095800,0,0,5,1095800,0,0,5,1095800,0,0,5,1095800,0,0,6,1375600,1,0,6,1375600,0,0,6,1375600,0,0,6,1429780,0,0,6,1429780,0,0,6,1429780,0,0,6,1429780,0,0
3,402812,7,1846140,0,0,7,1846140,0,1,7,1847300,1,0,7,1847300,0,0,7,1847300,0,0,7,1847300,0,0,7,1847300,0,1,6,1612140,0,0,6,1653720,0,1,6,1633280,1,0,6,1633280,0,0,6,1633280,0,1
3@,402812,5,1419380,0,0,5,1419380,0,0,5,1419380,0,0,5,1419380,0,0,5,1419380,0,1,5,1419560,1,0,5,1419560,0,0,5,1419560,0,0,5,1466360,0,0,5,1466360,0,0,5,1466360,0,0,5,1466360,0,0
3,314810,9,2610760,0,0,9,2610760,0,2,8,2422220,1,0,9,2629040,1,1,9,2645520,1,0,9,2645520,0,1,8,2343580,0,0,8,2343580,0,0,8,2361580,0,0,8,2361580,0,2,7,2015620,1,0,7,2015620,0,0
3,314810,7,2199840,0,0,7,2199840,0,0,7,2199840,0,0,7,2199840,0,0,7,2199840,0,0,7,2199840,0,1,7,2211800,1,0,7,2211800,0,0,7,2210920,0,0,7,2210920,0,0,7,2210920,0,0,7,2210920,0,1
3,767800,14,2696900,0,0,14,2696900,0,0,14,2696900,0,0,14,2696900,0,5,11,2151440,2,1,,,,,,,,,,,,,,,,,,,,,,,,,,,,
3,602826,3,763560,0,0,3,763560,0,0,3,763560,0,0,3,763560,0,0,3,763560,0,0,3,763560,0,0,3,763560,0,0,3,763560,0,0,3,781920,0,0,3,781920,0,0,3,781920,0,0,3,781920,0,0
3,609851,10,2497100,0,0,10,2497100,0,1,10,2497100,1,0,10,2497100,0,1,10,2506100,1,1,10,2506100,1,1,10,2506100,1,0,10,2506100,0,0,10,2674020,0,0,10,2584020,0,0,10,2584020,0,0,10,2584020,0,0
3,210821,,,,,,,,,,,,,,,,,3,735100,1,0,3,735100,0,0,3,735100,0,0,3,735100,0,0,3,764720,0,0,3,764720,0,0,3,764720,0,0,3,764720,0,0
3,170860,,,,,,,,,,,,,,,,,,,,,,,,,,,,,,,,,3,1251000,1,0,4,1477800,1,0,5,2030400,1,0,,,,
3,622850,21,4615340,0,3,18,3928660,0,1,19,4180660,2,0,20,4387660,1,2,19,4120820,1,0,20,4345820,1,0,20,4345820,0,0,20,4345820,0,0,21,4762380,1,2,20,4639260,1,1,21,4875780,2,0,21,4875780,0,0
365,405024,,,,,,,,,,,,,,,,,,,,,,,,,,,,,13,3798080,0,1,12,3277880,0,0,14,3996440,2,3,11,2383280,0,4,11,2125420,4,7
3,215861,7,2108140,0,0,7,2108140,0,1,7,2120740,1,0,7,2120740,0,0,7,2120740,0,0,7,2120740,0,0,7,2142800,0,1,6,1823120,0,0,6,1866120,0,0,6,1866120,0,0,6,1866120,0,1,7,2207760,2,0
365,373690,,,,,,,,,,,,,,,,,,,,,,,,,,,,,10,2814080,0,2,,,,,10,3274400,1,0,10,3274400,0,0,10,3274400,0,1
31,455860,5,1862240,0,0,5,1862240,0,0,5,1862240,0,0,5,1862240,0,0,5,1862240,0,0,5,1862240,0,0,5,1862240,0,0,5,1862240,0,0,5,1613940,0,0,5,1613940,0,0,5,1613940,0,0,5,1613940,0,0
31,227048,,,,,,,,,,,,,,,,,,,,,,,,,,,,,13,1524120,2,2,15,1630480,4,2,15,1670260,2,2,15,1603380,2,0,16,1639460,1,2
3IC,110814,,,,,,,,,,,,,,,,,4,1844100,4,0,5,2340000,2,0,6,2948840,1,1,6,2186100,1,0,5,2395800,0,0,,,,,,,,,,,,
3,514811,9,2726940,0,0,9,2726940,0,1,8,2516980,0,0,8,2516980,0,0,8,2516980,0,0,8,2516980,0,0,8,2516980,0,0,8,2516980,0,0,8,2605180,0,0,8,2605180,0,0,8,2605180,0,0,8,2605180,0,0
33,114872,,,,,,,,,3,535860,1,1,,,,,,,,,,,,,,,,,,,,,3,512100,1,1,,,,,,,,,,,,
3,333860,,,,,,,,,,,,,,,,,,,,,3,873000,3,0,3,873000,0,0,3,873000,0,0,3,873000,0,0,3,873000,0,0,3,873000,0,1,3,873000,1,0
3,607820,7,2481200,0,0,7,2481200,0,0,7,2481200,0,0,7,2481200,0,0,7,2481200,0,0,7,2481200,0,0,7,2481200,0,0,7,2481200,0,0,7,2727420,0,1,7,2716260,1,0,7,2716260,0,2,6,2539320,1,0
3,492820,,,,,,,,,,,,,,,,,,,,,,,,,,,,,3,527840,3,0,3,527840,0,0,3,527840,0,0,3,527840,0,0,3,527840,0,0
3,534820,,,,,,,,,3,1050020,1,0,3,656180,0,0,3,656180,0,0,3,656180,0,0,3,656180,0,0,3,656180,0,0,3,656180,0,0,3,656180,0,0,3,656180,0,0,3,656180,0,0
3,224827,4,1075120,0,0,4,1075120,0,0,4,1075120,0,0,4,1075120,0,0,4,1075120,0,1,4,1097340,1,0,4,1097340,0,0,4,1097340,0,0,4,1116060,0,0,4,1116060,0,0,4,1116060,0,0,4,1116060,0,0
365,438950,,,,,,,,,,,,,,,,,,,,,,,,,,,,,10,2940300,0,0,10,2958300,0,0,10,2958300,0,0,10,2958300,0,0,10,2958300,0,0
365,503957,,,,,,,,,,,,,,,,,,,,,,,,,,,,,13,3682120,0,1,14,3929540,2,1,14,3922060,1,0,14,3922060,0,1,13,3652060,0,1
365,114955,,,,,,,,,,,,,,,,,,,,,,,,,,,,,12,3297020,0,0,12,3304660,0,0,12,3304660,0,0,12,3304660,0,0,12,3304660,0,1
365,399950,,,,,,,,,,,,,,,,,,,,,,,,,,,,,20,6664300,1,0,22,8042400,2,1,22,8045280,1,3,21,7348500,2,1,22,7575640,2,1
3,114853,17,4407400,0,0,17,4407400,0,2,16,4199320,1,0,16,4199320,0,0,16,4199320,0,1,16,4221820,1,0,16,4221820,0,0,16,4221820,0,1,16,4279600,1,0,16,4279600,0,1,15,3966680,0,0,16,4147580,1,3
3,411827,3,706740,0,1,3,713760,1,0,3,713760,0,0,3,719080,0,1,3,725920,1,0,3,725920,0,0,3,725920,0,0,3,725920,0,0,3,739160,0,0,3,739160,0,0,3,739160,0,0,3,739160,0,0
3,231826,5,1545620,0,0,5,1545620,0,0,5,1545620,0,0,5,1545620,0,0,5,1545620,0,0,5,1545620,0,0,5,1545620,0,0,5,1545620,0,1,5,1574160,1,0,5,1574160,0,0,5,1574160,0,0,5,1574160,0,0
3,366800,,,,,,,,,,,,,,,,,,,,,,,,,,,,,12,2274600,1,0,12,2374580,0,0,12,2374580,0,0,12,2374580,0,1,12,2378900,1,0
3,134811,3,869400,0,0,3,869400,0,0,3,869400,0,0,3,869400,0,0,3,869400,0,0,3,869400,0,0,3,869400,0,0,3,869400,0,0,3,883160,0,0,3,883160,0,0,3,883160,0,0,3,883160,0,0
3,558880,4,1212920,0,0,4,1212920,0,0,4,1212920,0,0,,,,,,,,,,,,,,,,,,,,,,,,,,,,,,,,,,,,
3,117810,10,2792380,0,0,11,3078480,1,0,11,3078480,0,0,11,3078480,0,1,11,3089360,1,0,11,3089360,0,0,11,3089360,0,0,11,3089360,0,0,11,3135340,0,1,,,,,,,,,,,,
3,117810,3,794600,2,0,3,794600,0,1,,,,,,,,,,,,,,,,,,,,,,,,,,,,,,,,,,,,,,,,
3,183880,5,1345300,0,0,6,1632840,1,0,6,1632840,0,0,6,1632840,0,0,7,1928040,1,0,7,1928040,0,0,7,1928040,0,0,7,1928040,0,3,4,1033800,0,0,6,1624200,2,1,5,1342060,0,0,5,1342060,0,0
3,693850,4,1220120,0,1,3,834020,0,0,3,834020,0,0,3,834020,0,0,3,834020,0,0,3,834020,0,0,3,834020,0,0,3,834020,0,0,3,881160,0,0,3,881160,0,0,3,881160,0,0,3,881160,0,0
3,272820,3,374100,0,0,3,374100,0,0,3,374100,0,0,3,374100,0,0,3,374100,0,0,3,374100,0,0,3,374100,0,0,3,374100,0,0,3,451520,0,0,3,451520,0,1,3,456100,1,1,3,460860,1,0
3,108818,3,1501740,0,0,3,1501740,0,0,3,1501740,0,0,3,1501740,0,0,3,1501740,0,0,3,1501740,0,0,3,1501740,0,0,3,1501740,0,0,3,1516300,0,0,3,1516300,0,0,3,1516300,0,0,3,1516300,0,0
3,107827,4,668580,1,0,4,668580,0,0,4,668580,0,0,4,668580,0,1,4,663360,1,0,4,663360,0,0,4,663360,0,0,4,663360,0,0,4,727640,0,0,4,727640,0,0,4,727640,0,0,5,886300,1,0
3,114812,7,1882860,0,0,7,1882860,0,0,7,1882860,0,0,7,1882860,0,0,7,1882860,0,0,7,1882860,0,0,7,1882860,0,0,7,1882860,0,0,7,1924620,0,1,7,1937040,1,0,7,1937040,0,1,6,1663980,0,0
3,114812,,,,,,,,,,,,,,,,,,,,,3,939500,1,0,3,939500,0,0,3,939500,0,0,3,939500,0,0,3,939500,0,0,3,939500,0,0,3,939500,0,0
3,114812,8,2076780,0,0,8,2076780,0,0,8,2076780,0,0,8,2076780,0,0,8,2076780,0,0,8,2076780,0,0,8,2076780,0,0,8,2076780,0,0,8,2192540,0,2,6,1573440,0,0,6,1573440,0,0,6,1573440,0,0
3,114812,3,872180,1,0,3,872180,0,1,3,906380,1,0,3,906380,0,0,3,906380,0,1,3,907280,1,0,3,907280,0,0,3,907280,0,0,3,902600,0,0,3,902600,0,0,3,902600,0,0,3,902600,0,1
365,310907,,,,,,,,,,,,,,,,,,,,,,,,,,,,,,,,,10,3140240,2,1,,,,,11,3326360,2,1,10,3140240,0,1
3,170850,,,,,3,661500,3,1,4,904500,2,1,5,939240,2,0,6,1013220,1,2,4,850500,0,1,4,850500,1,1,4,846000,1,0,4,837440,0,0,4,837440,0,4,0,0,0,0,,,,
3,212813,7,1796540,1,1,8,2126660,2,0,8,2126660,0,1,7,1867460,0,1,6,1608260,0,0,6,1608260,0,0,6,1608260,0,1,6,1629680,1,1,5,1364820,0,0,5,1364820,0,0,5,1364820,0,0,5,1364820,0,0
365,615188,,,,,,,,,,,,,,,,,,,,,,,,,,,,,96,29916660,1,1,98,31496760,3,6,94,30522620,2,2,95,30766600,3,0,96,30972780,1,2
3,616801,5,1253840,0,0,5,1253840,0,0,5,1253840,0,0,5,1253840,0,0,5,1253840,0,0,5,1253840,0,0,5,1253840,0,0,5,1253840,0,0,5,1283280,0,0,5,1283280,0,0,5,1283280,0,0,5,1283280,0,0
365,634360,,,,,,,,,,,,,,,,,,,,,,,,,,,,,25,6261680,1,0,27,6631220,2,2,25,5484620,0,0,26,5667580,1,2,26,6400900,2,2
3,401815,,,,,,,,,,,,,,,,,,,,,,,,,4,1439460,3,0,4,1439460,0,0,4,1618360,0,0,4,1618360,0,0,4,1618360,0,1,3,1273400,0,0
300,662880,4,870020,0,0,4,870020,0,0,4,870020,0,0,4,870020,0,0,4,870020,0,0,4,870020,0,0,4,870020,0,0,4,870020,0,0,4,867400,0,0,4,867400,0,0,4,867400,0,0,4,867400,0,0
300,814880,24,6412560,3,3,21,5485560,0,1,21,5485560,1,0,21,5485560,0,1,21,5481060,1,4,18,4804620,1,1,17,4579620,0,2,16,4396380,1,2,18,4772480,4,4,14,3847020,0,1,14,3869880,1,0,16,4319880,2,0
302,119867,22,5867080,0,1,21,5681680,0,1,20,5514380,0,2,18,5068800,0,0,18,5068800,0,0,18,5068800,0,1,18,5125960,1,1,17,4951100,0,0,18,5226560,1,2,17,4972500,1,1,16,4743000,0,0,16,4743000,0,0
3030,359870,5,1553220,0,0,5,1553220,0,0,5,1553220,0,0,5,1553220,0,1,4,997920,0,0,4,997920,0,0,4,997920,0,0,4,997920,0,0,4,1041020,0,0,4,1041020,0,0,4,1041020,0,0,4,1041020,0,0
303,328860,7,2569580,2,0,7,2569580,0,0,7,2569580,0,0,8,2821580,1,1,8,2790800,1,0,8,2790800,0,0,8,2790800,0,0,8,2790800,0,0,8,2689720,0,0,8,2689720,0,1,9,2923720,2,0,9,2923720,0,0
303,313860,9,2326100,0,0,9,2380180,0,0,9,2294680,0,0,10,2572140,1,0,10,2572140,0,0,10,2572140,0,1,9,2345800,0,1,9,2335460,1,0,9,2255960,0,0,9,2255960,0,0,9,2255960,0,0,9,2356140,0,0
30,587880,,,,,3,445480,1,0,3,445480,0,0,3,445480,0,0,3,445480,0,0,3,445480,0,0,3,445480,0,0,3,445480,0,1,,,,,,,,,,,,,,,,
313,350870,3,1170000,0,0,3,1170000,0,0,3,810000,0,0,3,810000,0,1,,,,,,,,,,,,,,,,,,,,,,,,,,,,,,,,
314314HORNETCOLTD,101869,13,3832160,0,0,13,3832160,0,0,13,3832160,0,0,13,3832160,0,0,14,4016660,1,1,13,3709940,0,0,14,3954380,1,0,14,3954380,0,0,15,4387960,1,2,15,4503440,2,0,17,4750940,2,2,15,4503440,0,1
316,698870,11,2008520,1,0,11,2008520,0,0,11,2008520,0,1,10,1897560,0,0,12,2266560,2,0,12,2266560,0,0,12,2266560,0,0,12,2266560,0,0,12,2410720,0,0,12,2410720,0,1,12,2410720,1,0,13,2595220,1,0
316,865810,3,596520,1,0,3,596520,0,1,,,,,4,847260,2,0,4,847260,0,1,4,931860,1,0,4,931860,0,0,4,931860,0,0,4,925820,0,1,3,782000,0,0,3,782000,0,0,5,1142000,2,0
320,508812,4,891780,0,1,4,856240,1,1,4,856240,1,0,4,856240,0,0,4,856240,0,0,4,856240,0,0,5,1044340,1,0,5,1044340,0,0,5,1042640,0,0,5,1042640,0,0,5,1042640,0,0,5,1042640,0,0
320,589810,3,474020,0,0,3,474020,0,0,3,474020,0,0,3,474020,0,0,3,474020,0,0,3,474020,0,0,4,636020,1,0,4,636020,0,0,4,635480,0,0,4,635480,0,0,4,635480,0,0,4,635480,0,0
321,570870,3,634580,0,0,3,634580,0,0,3,634580,0,0,3,634580,0,0,3,634580,0,0,,,,,,,,,,,,,,,,,,,,,,,,,,,,
325,585880,5,1282040,0,0,5,1282040,0,0,5,1282040,0,0,5,1282040,0,0,5,1282040,0,0,5,1249360,0,0,5,1249360,0,0,5,1447180,0,0,5,1682340,0,0,5,1682340,0,0,5,1824280,0,2,3,1055960,0,0
32,512880,14,2678700,0,1,14,2714780,1,1,13,2540900,0,0,15,2964880,2,1,15,2979920,1,1,15,2964880,1,1,15,2964880,1,1,14,2876140,0,0,15,3255860,1,0,15,3255860,0,1,16,3466180,2,0,16,3466180,0,2
333,267870,,,,,,,,,,,,,,,,,,,,,,,,,5,1849380,3,0,5,1849380,0,0,5,1849380,0,0,5,1849380,0,1,4,1582440,0,0,4,1582440,0,0
360,138880,10,3720740,0,0,10,3720740,0,2,9,3230860,1,0,9,3230860,0,0,9,3230860,0,1,9,3245620,1,0,9,3316280,0,2,7,2209200,0,1,6,2031720,0,1,5,1842900,0,0,6,2409900,1,0,6,2409900,0,0
365,305863,7,1986440,0,0,7,1986440,0,0,7,1986440,0,1,6,1777920,0,0,6,1777920,0,0,6,1777920,0,0,6,1777920,0,0,6,1777920,0,1,5,1556700,0,0,5,1556700,0,0,7,1997700,2,1,6,1763700,0,0
365,306860,3,555660,0,0,3,555660,0,0,3,555660,0,0,3,555660,0,0,3,555660,0,0,3,555660,0,0,3,555660,0,1,,,,,,,,,,,,,,,,,,,,
365,431860,8,1468500,1,0,9,1653900,1,1,10,1850820,2,0,10,1850820,0,3,9,1675600,2,1,8,1490200,0,0,9,1678840,1,2,9,1682080,2,2,7,1324060,0,1,7,1324060,1,2,5,946780,0,1,7,1324060,3,0
365,151880,12,2730080,0,0,14,3150020,2,0,15,3335420,1,3,14,3010800,2,0,14,3010800,0,1,14,3149400,1,1,13,3068400,0,0,13,3068400,0,1,14,3288200,2,1,13,3199100,0,0,14,3463700,1,0,15,3658640,1,0
365,153810,3,548080,0,0,3,548080,0,0,3,548080,0,0,3,548080,0,0,3,548080,0,0,3,548080,0,0,3,548080,0,0,3,548080,0,0,3,575360,0,0,4,764000,1,0,4,764000,0,0,4,764000,0,1
365,203880,8,2450960,0,0,9,2598100,1,1,8,2450960,0,1,7,2216240,0,1,6,1982240,0,0,7,2189240,1,0,7,2189240,0,0,7,2189240,0,0,7,2288400,0,0,9,2630400,2,1,8,2423400,0,0,10,2881760,2,2
365,515860,8,1517400,0,0,8,1517400,0,0,8,1517400,0,0,8,1517400,0,0,8,1517400,0,0,8,1517400,0,0,8,1517400,0,1,7,1251180,0,0,7,1276380,0,0,7,1276380,0,0,7,1276380,0,0,7,1276380,0,0
365,707810,9,1555260,0,0,9,1555260,0,0,9,1555260,0,0,9,1555260,0,0,9,1555260,0,1,9,1541320,1,1,9,1550320,1,2,7,1140820,0,0,8,1397100,1,0,8,1397100,0,0,8,1397100,0,0,8,1397100,0,0
365,260860,7,1328920,0,0,7,1328920,0,0,7,1328920,0,0,7,1328920,0,0,7,1328920,0,2,6,1021480,1,0,6,986560,0,0,6,986560,0,0,6,1101140,0,0,6,1101140,0,0,6,1101140,0,0,6,1101140,0,0
365,587880,14,3836160,0,1,13,3481120,0,0,13,3481120,0,0,14,3724120,1,0,14,3724120,0,1,13,3353600,0,0,14,3795940,1,1,13,3746360,0,0,13,3865880,0,0,13,3865880,0,0,13,3865880,0,0,13,3865880,0,0
365,207860,,,,,,,,,,,,,,,,,,,,,,,,,3,468360,1,0,3,468360,0,0,3,459880,0,0,3,459880,0,0,3,459880,0,0,3,459880,0,0
365,650880,5,1537280,1,0,5,1537280,0,0,5,1537280,0,1,4,1087280,0,0,4,1087280,0,0,4,1087280,0,1,3,776600,0,0,3,776600,0,0,3,783240,0,0,3,783240,0,0,3,783240,0,0,3,783240,0,0
365,733860,9,2303080,0,2,8,1911760,1,1,7,1677760,0,7,,,,,,,,,,,,,,,,,0,0,0,0,,,,,,,,,,,,,,,,
365,216811,8,2057820,0,0,8,2010840,0,1,7,1722840,0,0,9,2224580,2,3,6,1576880,0,0,8,2004360,2,0,8,2004360,0,0,8,2004360,0,0,8,2019740,0,2,6,1518000,0,1,6,1619260,1,0,10,2558740,4,0
365,627870,,,,,,,,,,,,,3,527400,2,0,3,527400,0,0,3,527400,0,0,3,527400,0,0,3,527400,0,0,4,749880,1,0,4,749880,0,0,4,749880,0,0,4,749880,0,1
365,150880,18,5058700,0,0,19,5295660,1,0,19,5295660,0,0,21,5897120,2,1,20,5665280,0,0,20,5665280,0,0,21,5835920,1,2,19,5274780,0,0,21,5918320,2,0,21,5918320,0,1,20,5613860,0,2,18,4891520,0,0
365,195870,11,1152680,1,0,11,1152680,0,0,11,1152680,0,0,11,1152680,0,0,11,1152680,0,0,11,1152680,0,0,11,1152680,0,0,11,1152680,0,1,10,1056100,0,0,10,1056100,0,0,11,1150860,1,0,11,1150860,0,0
365,763860,,,,,,,,,,,,,,,,,,,,,5,945000,5,0,5,945000,0,0,5,945000,0,0,5,945000,0,0,5,945000,0,0,5,945000,0,0,5,945000,0,0
365,149860,5,1012580,1,0,5,1012580,0,0,5,1012580,0,0,7,1351880,2,2,6,1242080,1,1,5,958580,0,0,5,958580,0,1,5,959760,1,0,5,959120,0,0,5,959120,0,1,4,780920,0,0,4,780920,0,0
365,127866,8,2157460,0,0,8,2157460,0,0,8,2157460,0,0,8,2157460,0,0,8,2157460,0,0,8,2157460,0,0,8,2157460,0,0,8,2157460,0,0,8,2394800,0,0,9,2583440,1,0,9,2583440,0,0,9,2583440,0,0
38,633810,3,437020,0,0,3,437020,0,0,3,437020,0,0,3,437020,0,1,,,,,,,,,,,,,,,,,,,,,,,,,,,,,,,,
3917,526810,7,1381560,0,0,7,1381560,0,1,6,1196160,0,0,6,1196160,0,1,5,1016260,0,0,5,1016260,0,0,5,1016260,0,0,5,1016260,0,1,5,1021120,1,0,5,1021120,0,0,5,1021120,0,0,5,1021120,0,0
3HK,417814,9,2248420,0,0,9,2248420,0,1,8,2003900,0,0,8,2003900,0,0,8,2003900,0,0,8,2003900,0,0,8,2003900,0,0,8,2003900,0,0,8,2149580,0,0,8,2149580,0,0,8,2149580,0,0,8,2149580,0,0
3,819880,3,762300,0,0,3,762300,0,1,,,,,5,1276000,3,0,5,1276000,0,1,4,949300,0,0,4,949300,0,0,4,949300,0,0,4,945340,0,0,4,945340,0,0,4,945340,0,0,4,945340,0,0
3,253810,17,5071920,2,0,17,5071920,0,0,18,5410860,1,0,19,5730360,1,0,20,5952300,1,0,20,5952300,0,0,22,6435240,2,0,22,6435240,0,2,23,6840360,3,1,23,6830900,1,2,23,6801380,2,1,23,6673840,1,0
3,663870,,,,,,,,,,,,,,,,,,,,,3,601100,1,1,,,,,,,,,3,594000,1,0,3,594000,0,0,3,594000,0,0,3,594000,0,0
3,675870,,,,,,,,,,,,,,,,,,,,,,,,,,,,,,,,,,,,,,,,,3,940500,1,0,4,1297440,1,0
3,478860,3,982980,1,0,4,1189980,1,0,4,1189980,0,0,4,1189980,0,0,4,1189980,0,0,4,1189980,0,0,4,1189980,0,0,4,1189980,0,0,4,1197160,0,0,4,1197160,0,0,4,1197160,0,0,4,1197160,0,0
3,484880,5,916440,0,0,5,916440,0,0,5,916440,0,1,4,701980,0,0,4,701980,0,0,5,901780,1,0,5,901780,0,0,5,901780,0,0,5,956320,0,0,5,956320,0,1,4,829520,0,0,4,829520,0,0
3,447880,4,780920,0,0,4,780920,0,0,4,780920,0,1,3,601100,0,0,3,601100,0,0,3,601100,0,0,3,601100,0,0,3,601100,0,0,4,1132980,1,0,4,1132980,0,0,4,1132980,0,0,4,1132980,0,1
3,838860,3,781900,0,0,3,781900,0,0,3,781900,0,0,3,781900,0,0,3,781900,0,1,3,748960,1,0,3,748960,0,0,3,748960,0,0,3,1398600,0,0,3,1398600,0,0,3,1398600,0,0,3,1398600,0,0
3,284860,15,3686420,0,0,20,4734920,5,0,20,4734920,0,0,20,4734920,0,0,20,4734920,0,0,20,4734920,0,0,20,4734920,0,1,19,4523420,0,2,17,4358580,0,1,16,4138900,0,0,16,4138900,0,0,16,4138900,0,0
365,696810,5,1087000,0,1,4,843200,0,0,5,1050200,1,0,5,1050200,0,0,,,,,,,,,,,,,,,,,,,,,,,,,,,,,,,,
365,635870,,,,,,,,,,,,,,,,,,,,,,,,,,,,,,,,,10,2727000,10,6,5,1333800,1,1,4,1063800,0,1,8,2116800,5,1
3,310813,4,2008420,0,1,3,1453120,0,0,3,1453120,0,0,3,1453120,0,0,3,1453120,0,0,3,1453120,0,0,3,1453120,0,0,3,1453120,0,0,3,1645560,0,0,3,1645560,0,0,3,1645560,0,0,3,1645560,0,0
3,598880,5,983220,0,0,5,983220,0,1,5,987280,1,0,5,987280,0,0,5,987280,0,0,5,987280,0,0,6,1152340,1,0,6,1152340,0,1,5,907900,0,0,5,907900,0,1,4,718900,0,0,4,718900,0,0
365,620880,4,1011500,0,1,3,826100,0,0,3,826100,0,1,3,778300,1,0,3,778300,0,1,3,829340,1,1,,,,,,,,,,,,,3,774340,1,0,3,774340,0,0,3,774340,0,0
360,509860,11,4583760,3,0,11,4583760,0,0,13,5608500,2,0,16,7036440,3,0,17,7375380,1,3,17,7237400,3,0,17,7237400,0,0,17,7237400,0,0,19,8062260,2,0,19,8062260,0,0,20,8456720,1,0,20,8456720,0,0
365,559810,4,1022640,0,0,4,1032820,0,0,4,1032820,0,0,4,1032820,0,0,5,1311820,1,0,5,1311820,0,0,5,1311820,0,0,5,1311820,0,0,5,1465340,0,0,5,1465340,0,0,5,1465340,0,0,5,1465340,0,0
35,507870,7,1940400,1,2,7,1582200,2,1,6,1227600,0,2,4,783900,0,1,3,765900,0,1,,,,,,,,,,,,,,,,,,,,,,,,,,,,
3303,403880,3,662040,0,0,3,662040,0,0,3,662040,0,0,4,1022040,1,0,4,1022040,0,1,3,769860,0,0,3,769860,0,0,4,814860,1,0,4,824560,0,0,4,824560,0,0,4,824560,0,0,4,824560,0,0
3,893860,40,14883000,0,1,39,14616420,0,3,37,13626500,1,1,38,13810080,2,1,37,13558900,0,2,35,12707240,0,1,34,12378740,0,1,33,12025580,0,0,33,12926500,0,32,,,,,0,0,0,0,,,,
365,294870,4,746060,0,0,4,746060,0,0,4,746060,0,2,,,,,,,,,,,,,,,,,,,,,,,,,,,,,7,1383560,6,1,6,1194560,0,0
3,416815,,,,,,,,,4,783000,4,0,,,,,,,,,,,,,0,0,0,0,,,,,,,,,,,,,,,,,,,,
365,451950,,,,,,,,,,,,,,,,,,,,,,,,,,,,,15,4337140,0,0,15,4496040,0,1,14,3922740,0,0,14,3922740,0,0,14,3922740,0,1
32,723870,,,,,,,,,,,,,,,,,,,,,,,,,3,218160,3,0,3,218160,0,0,3,218320,0,0,3,218320,0,0,3,218320,0,0,3,218320,0,0
3,574850,17,7374980,0,0,17,7374980,0,0,25,11152540,8,1,24,10842580,0,2,22,10103860,0,0,22,10103860,0,1,21,9609760,0,0,21,9609760,0,0,21,9768360,0,0,21,9768360,0,0,21,9768360,0,1,21,9760080,1,0
3,673820,3,671660,0,0,3,671660,0,1,3,672380,1,0,3,672380,0,0,3,672380,0,0,3,672380,0,0,3,672380,0,0,3,672380,0,0,3,665360,0,0,3,665360,0,0,3,665360,0,0,3,665360,0,0
365,404966,,,,,,,,,,,,,,,,,,,,,,,,,,,,,34,9189640,0,2,36,10392200,4,2,35,9853920,1,2,33,9352080,0,1,32,9079560,0,3
3,482860,18,5417100,2,2,18,5410180,2,0,18,5410180,0,1,18,5441240,1,2,18,5477240,2,0,18,5477240,0,1,18,5495520,1,0,18,5495520,0,0,19,6102280,1,0,19,6102280,0,2,18,5888360,1,2,16,5293640,0,1
300,507810,5,1178100,2,0,,,,,4,1107900,4,0,7,1583100,4,0,3,1087200,0,0,5,1470140,3,5,,,,,,,,,0,0,0,0,,,,,,,,,,,,
365,214889,,,,,,,,,,,,,,,,,3,595780,1,0,3,595780,0,1,,,,,,,,,,,,,,,,,,,,,,,,
3,322880,4,638340,0,0,4,638340,0,0,4,638340,0,0,4,638340,0,0,4,638340,0,0,4,638340,0,0,4,638340,0,0,4,638340,0,0,4,584520,0,3,,,,,,,,,,,,
365,411827,,,,,,,,,,,,,3,339200,1,0,3,339200,0,0,4,404900,1,0,4,404900,0,1,3,339200,0,0,4,399040,1,0,4,399040,0,0,4,399040,0,1,3,325960,0,0
3,137801,5,1159620,0,0,5,1159620,0,0,5,1159620,0,0,5,1159620,0,1,4,851560,0,0,4,851560,0,1,4,858660,1,1,3,598300,0,0,3,597660,0,0,3,597660,0,0,3,597660,0,0,3,597660,0,0
3,170860,,,,,,,,,,,,,,,,,,,,,,,,,,,,,,,,,,,,,,,,,,,,,5,2143800,0,0
3,614826,,,,,,,,,,,,,,,,,,,,,,,,,,,,,,,,,3,923300,1,1,3,932940,1,1,,,,,,,,
